{
    "1355262405726175354": {
        "announcement_channel_id": 1355262405726175357,
        "tiktok_creators": [
            {
                "username": "DarkMatterGaming",
                "last_video_id": null,
                "added_at": "2025-05-03T16:59:55.889151"
            },
            {
                "username": "darkmattergaming2025",
                "last_video_id": null,
                "added_at": "2025-05-03T17:01:52.385155"
            },
            {
                "username": "kitzelig_kebab",
                "last_video_id": null,
                "added_at": "2025-05-03T17:04:08.682631"
            }
        ]
    }
}