{
    "de": {
        "general": {
            "success": "✅ Erfolg",
            "error": "❌ Fehler",
            "permission_denied": "Keine Berechtigung",
            "missing_permission": "Der Bot hat nicht die nötigen Berechtigungen, um diese Aktion auszuführen.",
            "settings_saved": "Einstellungen gespeichert"
        },
        "server_stats": {
            "stats_setup_title": "✅ Statistik-Kanäle eingerichtet",
            "stats_setup_desc": "Die Server-Statistik-Kanäle wurden erfolgreich eingerichtet und werden alle 5 Minuten automatisch aktualisiert.",
            "stats_removed_title": "✅ Statistik-Kanäle entfernt",
            "stats_removed_desc": "Die Server-Statistik-Kanäle wurden erfolgreich entfernt.",
            "no_stats_setup": "❌ Keine Statistiken eingerichtet",
            "no_stats_setup_desc": "Es wurden keine Statistik-Kanäle für diesen Server eingerichtet.",
            "stats_updating": "⏳ Statistiken werden aktualisiert...",
            "category_name": "📊 SERVER STATISTIKEN",
            "members": "👥 Mitglieder: {count}",
            "online": "🟢 Online: {count}",
            "text_channels": "💬 Textkanäle: {count}",
            "voice_channels": "🔊 Sprachkanäle: {count}",
            "server_age": "🎂 Server-Alter: {days} Tage",
            "top_role": "👑 Häufigste Rolle: {name} ({count})",
            "top_role_none": "👑 Häufigste Rolle: Keine",
            "boosts": "🚀 Server-Boosts: {count}",
            "boost_level": "⭐ Boost-Level: {level}",
            "emojis": "😄 Emojis: {count}",
            "roles": "🔰 Rollen: {count}"
        },
        "languages": {
            "language_set": "✅ Sprache geändert",
            "language_set_desc": "Deine Sprache wurde auf {language_name} geändert.",
            "language_default": "Deutsch",
            "language_english": "Englisch",
            "language_german": "Deutsch",
            "language_not_found": "❌ Sprache nicht gefunden",
            "language_not_found_desc": "Die angegebene Sprache wird nicht unterstützt. Verfügbare Sprachen: {languages}",
            "current_language": "Aktuelle Sprache: {language}"
        }
    },
    "en": {
        "general": {
            "success": "✅ Success",
            "error": "❌ Error",
            "permission_denied": "Permission Denied",
            "missing_permission": "The bot doesn't have the required permissions to perform this action.",
            "settings_saved": "Settings saved"
        },
        "server_stats": {
            "stats_setup_title": "✅ Statistics Channels Set Up",
            "stats_setup_desc": "The server statistics channels have been successfully set up and will be automatically updated every 5 minutes.",
            "stats_removed_title": "✅ Statistics Channels Removed",
            "stats_removed_desc": "The server statistics channels have been successfully removed.",
            "no_stats_setup": "❌ No Statistics Set Up",
            "no_stats_setup_desc": "No statistics channels have been set up for this server.",
            "stats_updating": "⏳ Updating statistics...",
            "category_name": "📊 SERVER STATISTICS",
            "members": "👥 Members: {count}",
            "online": "🟢 Online: {count}",
            "text_channels": "💬 Text Channels: {count}",
            "voice_channels": "🔊 Voice Channels: {count}",
            "server_age": "🎂 Server Age: {days} days",
            "top_role": "👑 Most Common Role: {name} ({count})",
            "top_role_none": "👑 Most Common Role: None",
            "boosts": "🚀 Server Boosts: {count}",
            "boost_level": "⭐ Boost Level: {level}",
            "emojis": "😄 Emojis: {count}",
            "roles": "🔰 Roles: {count}"
        },
        "languages": {
            "language_set": "✅ Language Changed",
            "language_set_desc": "Your language has been changed to {language_name}.",
            "language_default": "English",
            "language_english": "English",
            "language_german": "German",
            "language_not_found": "❌ Language Not Found",
            "language_not_found_desc": "The specified language is not supported. Available languages: {languages}",
            "current_language": "Current language: {language}"
        }
    }
}